Cycle,Time
1,0.225000
2,12.574008
3,24.875000
4,37.449628
5,49.855492
6,62.357846
