Cycle,Time
1,2.275144
2,17.591000
