Time,Syllable
2.275000,ja
3.366179,ya
4.687500,ti
6.025000,ja
7.325000,ya
8.635111,ti
9.915633,shree
12.520653,ga
13.811522,ne
16.354456,sha
