Cycle,Time
1,0.000000
2,12.926226
3,25.624504
