Cycle,Time
1,0.141395
2,13.482290
