Cycle,Time
1,0.000000
2,12.786596
3,24.907224
