Cycle,Time
1,0.084068
2,12.801293
