Cycle,Time
31,465.545867
32,478.928604
33,491.791368
34,503.911089
38,553.431502
39,566.585610
40,579.925479
41,593.39
42,605.785
